{"graph":{"roads":[[2,{"half_width":2.0,"position":[0.78423214,-9.339236]}],[2,{"half_width":2.0,"position":[16.585667,-7.5356216]}],[2,{"half_width":2.0,"position":[25.288733,-8.166183]}],[2,{"half_width":2.0,"position":[37.350464,-7.6881223]}],[2,{"half_width":2.0,"position":[49.347473,-9.076778]}],[2,{"half_width":2.0,"position":[63.311157,-8.22092]}],[2,{"half_width":2.0,"position":[70.99221,-8.918177]}],[2,{"half_width":2.0,"position":[79.09755,-8.796665]}],[2,{"half_width":2.0,"position":[87.03165,-9.685568]}],[2,{"half_width":2.0,"position":[92.070786,-6.780372]}],[2,{"half_width":2.0,"position":[94.283394,0.090753555]}],[2,{"half_width":2.0,"position":[94.91829,7.625146]}],[2,{"half_width":2.0,"position":[92.913315,15.687724]}],[2,{"half_width":2.0,"position":[90.39662,23.47731]}],[2,{"half_width":2.0,"position":[88.34927,32.25936]}],[2,{"half_width":2.0,"position":[81.948166,39.051575]}],[2,{"half_width":2.0,"position":[74.45823,42.33748]}],[2,{"half_width":2.0,"position":[66.5633,41.837772]}],[2,{"half_width":2.0,"position":[59.38056,39.651646]}],[2,{"half_width":2.0,"position":[54.48607,34.38018]}],[2,{"half_width":2.0,"position":[49.707027,27.527096]}],[2,{"half_width":2.0,"position":[48.341324,20.04663]}],[5,{"half_width":2.0,"position":[51.891277,7.8081284]}],[2,{"half_width":2.0,"position":[47.233047,2.440215]}],[2,{"half_width":2.0,"position":[41.90077,1.069376]}],[2,{"half_width":2.0,"position":[33.834896,4.8324614]}],[2,{"half_width":2.0,"position":[29.7771,9.361804]}],[2,{"half_width":2.0,"position":[25.589783,12.716385]}],[2,{"half_width":2.0,"position":[20.104698,13.534216]}],[2,{"half_width":2.0,"position":[15.419248,14.015007]}],[2,{"half_width":2.0,"position":[10.663152,13.625128]}],[2,{"half_width":2.0,"position":[6.5394564,12.273645]}],[2,{"half_width":2.0,"position":[0.816762,10.032923]}],[2,{"half_width":2.0,"position":[-2.3048391,9.850092]}],[2,{"half_width":2.0,"position":[-3.6902704,11.732914]}],[2,{"half_width":2.0,"position":[-5.3981957,14.929417]}],[2,{"half_width":2.0,"position":[-5.3021636,18.743238]}],[2,{"half_width":2.0,"position":[-5.424614,22.233587]}],[2,{"half_width":2.0,"position":[-5.674925,26.051022]}],[2,{"half_width":2.0,"position":[-6.1911316,30.035044]}],[2,{"half_width":2.0,"position":[-7.691202,33.194103]}],[2,{"half_width":2.0,"position":[-9.298298,36.156494]}],[2,{"half_width":2.0,"position":[-12.073444,39.019855]}],[2,{"half_width":2.0,"position":[-16.308588,40.825096]}],[2,{"half_width":2.0,"position":[-20.408182,40.61096]}],[2,{"half_width":2.0,"position":[-24.351292,39.365765]}],[2,{"half_width":2.0,"position":[-27.745213,36.158176]}],[2,{"half_width":2.0,"position":[-29.22528,32.857807]}],[2,{"half_width":2.0,"position":[-29.836842,28.148869]}],[2,{"half_width":2.0,"position":[-29.788761,24.544252]}],[2,{"half_width":2.0,"position":[-28.737467,20.90619]}],[2,{"half_width":2.0,"position":[-26.411999,17.665567]}],[2,{"half_width":2.0,"position":[-23.315443,14.327591]}],[2,{"half_width":2.0,"position":[-20.003983,11.283722]}],[2,{"half_width":2.0,"position":[-16.469828,8.312983]}],[2,{"half_width":2.0,"position":[-14.014798,6.322895]}],[2,{"half_width":2.0,"position":[-11.791035,3.9054909]}],[2,{"half_width":2.0,"position":[-11.336277,1.4088888]}],[2,{"half_width":2.0,"position":[-12.240512,-1.5555182]}],[2,{"half_width":2.0,"position":[-15.423922,-3.8833866]}],[2,{"half_width":2.0,"position":[-17.839828,-7.0270815]}],[2,{"half_width":2.0,"position":[-18.915918,-11.12365]}],[2,{"half_width":2.0,"position":[-17.684118,-15.744739]}],[2,{"half_width":2.0,"position":[-14.747126,-19.503977]}],[2,{"half_width":2.0,"position":[-10.712988,-23.206505]}],[2,{"half_width":2.0,"position":[-7.1251135,-25.891415]}],[2,{"half_width":2.0,"position":[-2.390418,-27.4373]}],[2,{"half_width":2.0,"position":[2.179843,-28.428501]}],[2,{"half_width":2.0,"position":[5.1679764,-30.353657]}],[2,{"half_width":2.0,"position":[7.773527,-32.238487]}],[2,{"half_width":2.0,"position":[11.4045515,-33.598194]}],[2,{"half_width":2.0,"position":[15.320883,-33.337223]}],[2,{"half_width":2.0,"position":[17.829954,-30.67852]}],[2,{"half_width":2.0,"position":[19.633102,-25.436611]}],[2,{"half_width":2.0,"position":[19.497879,-20.626604]}],[2,{"half_width":2.0,"position":[18.273998,-16.710566]}],[2,{"half_width":2.0,"position":[16.681948,-11.762606]}],[2,{"half_width":2.0,"position":[16.908703,3.4126182]}],[5,{"half_width":2.0,"position":[58.783756,4.9246235]}],[5,{"half_width":2.0,"position":[62.155277,-0.41432905]}],[5,{"half_width":2.0,"position":[-2.7122474,-6.63883]}],[5,{"half_width":2.0,"position":[-5.9650784,-3.276843]}],null,null,null,null,null,null,null,null,null,null,null,null,null,null,null,null,null,null,null,null,null,null,null,null,null,null,null,null,null,null,null,null,null,null,null,null,null,null,null,null,null,null,null,null,null,null],"connections":[[[0,2],[1,2]],[[1,2],[2,2]],[[2,2],[3,2]],[[3,2],[4,2]],[[4,2],[5,2]],[[5,2],[6,2]],[[6,2],[7,2]],[[7,2],[8,2]],[[8,2],[9,2]],[[9,2],[10,2]],[[10,2],[11,2]],[[11,2],[12,2]],[[12,2],[13,2]],[[13,2],[14,2]],[[14,2],[15,2]],[[15,2],[16,2]],[[16,2],[17,2]],[[17,2],[18,2]],[[18,2],[19,2]],[[19,2],[20,2]],[[20,2],[21,2]],[[23,2],[24,2]],[[24,2],[25,2]],[[25,2],[26,2]],[[26,2],[27,2]],[[27,2],[28,2]],[[28,2],[29,2]],[[29,2],[30,2]],[[30,2],[31,2]],[[31,2],[32,2]],[[32,2],[33,2]],[[33,2],[34,2]],[[34,2],[35,2]],[[35,2],[36,2]],[[36,2],[37,2]],[[37,2],[38,2]],[[38,2],[39,2]],[[39,2],[40,2]],[[40,2],[41,2]],[[41,2],[42,2]],[[42,2],[43,2]],[[43,2],[44,2]],[[44,2],[45,2]],[[45,2],[46,2]],[[46,2],[47,2]],[[47,2],[48,2]],[[48,2],[49,2]],[[49,2],[50,2]],[[50,2],[51,2]],[[51,2],[52,2]],[[52,2],[53,2]],[[53,2],[54,2]],[[54,2],[55,2]],[[55,2],[56,2]],[[56,2],[57,2]],[[57,2],[58,2]],[[58,2],[59,2]],[[59,2],[60,2]],[[60,2],[61,2]],[[61,2],[62,2]],[[62,2],[63,2]],[[63,2],[64,2]],[[64,2],[65,2]],[[65,2],[66,2]],[[66,2],[67,2]],[[67,2],[68,2]],[[68,2],[69,2]],[[69,2],[70,2]],[[70,2],[71,2]],[[71,2],[72,2]],[[72,2],[73,2]],[[73,2],[74,2]],[[74,2],[75,2]],[[75,2],[76,2]],[[76,2],[1,2]],[[1,2],[77,2]],[[77,2],[28,2]],[[23,2],[22,5]],[[22,5],[21,2]],[[22,5],[78,5]],[[78,5],[79,5]],[[79,5],[5,2]],[[0,2],[80,5]],[[80,5],[81,5]],[[81,5],[58,2]]]},"trees":[{"pos":[-13.532936,34.49146],"rotation":2.3421497,"kind":1},{"pos":[-25.488964,29.732204],"rotation":4.296711,"kind":1},{"pos":[-20.0051,18.015938],"rotation":2.2738612,"kind":1},{"pos":[-13.893667,17.852594],"rotation":2.4007406,"kind":1},{"pos":[11.084595,-27.848412],"rotation":1.4618007,"kind":6},{"pos":[5.499197,-24.115387],"rotation":5.960353,"kind":6},{"pos":[-7.926159,-20.380997],"rotation":5.0569167,"kind":6},{"pos":[-1.9354725,-21.694265],"rotation":3.7059112,"kind":6},{"pos":[12.172556,-2.9698958],"rotation":0.41813487,"kind":2},{"pos":[14.305508,9.010884],"rotation":4.942927,"kind":2},{"pos":[1.6982813,6.6120367],"rotation":5.8344064,"kind":2}],"buildings":[{"half_size":[4.0,4.0],"pos":[10.159319,-16.808662],"rotation":0.0,"kind":0},{"half_size":[4.0,4.0],"pos":[-0.08931923,-15.890613],"rotation":-0.31154126,"kind":0},{"half_size":[4.0,4.0],"pos":[-9.282643,-10.505019],"rotation":-0.7120943,"kind":0},{"half_size":[4.0,4.0],"pos":[-20.799713,24.22978],"rotation":0.0,"kind":3},{"half_size":[4.0,4.0],"pos":[-12.2963295,26.94172],"rotation":0.22252947,"kind":3},{"half_size":[4.0,4.0],"pos":[-20.156427,33.437023],"rotation":0.31154126,"kind":3},{"half_size":[4.0,4.0],"pos":[8.588597,3.181528],"rotation":0.0,"kind":1},{"half_size":[4.0,4.0],"pos":[-1.5980167,1.2969465],"rotation":0.9346238,"kind":2}],"waypoints":[{"pos":[-26.319712,26.38149]},{"pos":[-8.734703,40.29076]},{"pos":[10.015245,-11.670518]},{"pos":[15.19978,-16.73521]},{"pos":[62.63696,4.1970263]},{"pos":[38.49322,6.805848]}]}